"","Comed_token","SampleID","Position","material","extract_quant_ng_ul","total_ng_DNA","dna_quant_ng_ul","Benzoase","Patient_number","Visit","sex","age","ppFEV1","Dist","Peak_power","V02_A","V02_B","BMI","FFM_Charatsi","Length","Weight","FFM_Luk","kcal_Avg","kcal_kg_day","Protein","Lipids","CHO","DFr","EtOH","Mutation","Severity"
"1","P10V1","10P10V1","H9","Sputum",41.6,4160,15.4,1,"P10","V1",1,27,61.7,672,1,1.85,26.5,21.6,55.7928195488722,179,77,40.693947368421,NA,NA,NA,NA,NA,NA,NA,"F508del/F508del","Severe"
"2","P10V2","10P10V2","K9","Sputum",116,11600,11.8,1,"P10","V2",1,27,57,605,1.2,2.05,25.6,23.8,59.5928301886792,179,80.4,43.4299622641509,3204.66666666667,39.8590381426202,14,33.6666666666667,50.6666666666667,0,1.66666666666667,"F508del/F508del","Severe"
"3","P10V2","10P10V2A","M12","Stool",94,18800,24,0,"P10","V2",1,27,57,605,1.2,2.05,25.6,23.8,59.5928301886792,179,80.4,43.4299622641509,3204.66666666667,39.8590381426202,14,33.6666666666667,50.6666666666667,0,1.66666666666667,"F508del/F508del","Severe"
"4","P11V1","10P11V1","H10","Sputum",74.8,7480,16.3,1,"P11","V1",1,35,89.6,650,1.5,2.12,28.7,26.9,56.0436992840095,166,74,42.3221789976134,NA,NA,NA,NA,NA,NA,NA,"G542X/G1003E","Mild"
"5","P11V1","10P11V1A","N1","Stool",82,16400,25,0,"P11","V1",1,35,89.6,650,1.5,2.12,28.7,26.9,56.0436992840095,166,74,42.3221789976134,NA,NA,NA,NA,NA,NA,NA,"G542X/G1003E","Mild"
"6","P11V2","10P11V2","K10","Sputum",100,10000,12,1,"P11","V2",1,35,87.5,700,1.7,2.5,34.2,26.5,53.535859030837,166,73.8,39.2602026431718,4475.33333333333,60.6413730803975,13.6666666666667,25.3333333333333,59,0.666666666666667,1,"G542X/G1003E","Mild"
"7","P12V1","10P12V1","H11","Sputum",56.8,5680,17.7,1,"P12","V1",1,47,40,505,0.9,1.2,21.1,22.5,41.9758446601942,158,57,31.3331825242718,NA,NA,NA,NA,NA,NA,NA,"F508del/F508del","Severe"
"8","P12V1","10P12V1A","N2","Stool",78,15600,25,0,"P12","V1",1,47,40,505,0.9,1.2,21.1,22.5,41.9758446601942,158,57,31.3331825242718,NA,NA,NA,NA,NA,NA,NA,"F508del/F508del","Severe"
"9","P13V1","10P13V1","N3","Stool",95,19000,27,0,"P13","V1",2,27,72.9,660,1.5,1.68,29.5,21.2,41.5525010380623,163.8,57,30.5291014532872,NA,NA,NA,NA,NA,NA,NA,"F508del/Q220X","Mild"
"10","P13V2","10P13V2","N4","Stool",97,19400,21,0,"P13","V2",2,27,72.8,717,1.6,1.48,29.7,21.2,41.6857968476357,164,57.6,29.91011558669,2458,42.6736111111111,25.3333333333333,32.3333333333333,40.6666666666667,0,2,"F508del/Q220X","Mild"
"11","P14V1","10P14V1","H12","Sputum",42,4200,8.3,1,"P14","V1",1,43,71.3,690,1.9,2.52,34,21.9,54.8553191489362,184,77.4,37.0754468085106,NA,NA,NA,NA,NA,NA,NA,"F508del/F508del","Severe"
"12","P14V1","10P14V1A","N5","Stool",98,19600,19,0,"P14","V1",1,43,71.3,690,1.9,2.52,34,21.9,54.8553191489362,184,77.4,37.0754468085106,NA,NA,NA,NA,NA,NA,NA,"F508del/F508del","Severe"
"13","P14V2","10P14V2","K11","Sputum",26.4,2640,10.3,1,"P14","V2",1,43,87.4,660,1.7,2.33,31.5,21.9,55.6417518248175,184,77,38.2839525547445,2369.66666666667,30.7748917748918,16.3333333333333,32.3333333333333,47,5.5,1,"F508del/F508del","Severe"
"14","P14V2","10P14V2A","N6","Stool",97,19400,24,0,"P14","V2",1,43,87.4,660,1.7,2.33,31.5,21.9,55.6417518248175,184,77,38.2839525547445,2369.66666666667,30.7748917748918,16.3333333333333,32.3333333333333,47,5.5,1,"F508del/F508del","Severe"
"15","P14V3","10P14V3","I8","Sputum",150,15000,11.4,1,"P14","V3",1,43,84,NA,NA,NA,NA,22.4,NA,184,75.5,NA,2594.66666666667,34.3664459161148,18,16.3333333333333,60.6666666666667,6,1,"F508del/F508del","Severe"
"16","P14V3","10P14V3A","N7","Stool",97,19400,27,0,"P14","V3",1,43,84,NA,NA,NA,NA,22.4,NA,184,75.5,NA,2594.66666666667,34.3664459161148,18,16.3333333333333,60.6666666666667,6,1,"F508del/F508del","Severe"
"17","P15V1","10P15V1","K1","Sputum",10.6,1060,14.2,1,"P15","V1",1,52,65.2,640,1.4,2.08,26.7,24.6,57.9320084566596,178,78,41.9508118393235,NA,NA,NA,NA,NA,NA,NA,"F508del - heterozygot","Mild"
"18","P15V1","10P15V1A","N8","Stool",51,10200,30,0,"P15","V1",1,52,65.2,640,1.4,2.08,26.7,24.6,57.9320084566596,178,78,41.9508118393235,NA,NA,NA,NA,NA,NA,NA,"F508del - heterozygot","Mild"
"19","P15V2","10P15V2","I1","Sputum",130,13000,12.5,1,"P15","V2",1,52,61.6,710,1.4,2.29,29.4,24.6,58.8308149779736,178,74.7,44.216140969163,2836.33333333333,37.9696564033913,21.6666666666667,32.6666666666667,43.6666666666667,0,2,"F508del - heterozygot","Mild"
"20","P15V2","10P15V2A","N9","Stool",81,16200,NA,0,"P15","V2",1,52,61.6,710,1.4,2.29,29.4,24.6,58.8308149779736,178,74.7,44.216140969163,2836.33333333333,37.9696564033913,21.6666666666667,32.6666666666667,43.6666666666667,0,2,"F508del - heterozygot","Mild"
"21","P15V3","10P15V3","I9","Sputum",57,5700,14.5,1,"P15","V3",1,52,54.4,685,1.4,2.12,27.9,23.7,58.4260128617363,178,76,43.4084180064309,2940,38.6842105263158,17.6666666666667,37.3333333333333,43,1,2,"F508del - heterozygot","Mild"
"22","P15V3","10P15V3A","N10","Stool",52,10400,NA,0,"P15","V3",1,52,54.4,685,1.4,2.12,27.9,23.7,58.4260128617363,178,76,43.4084180064309,2940,38.6842105263158,17.6666666666667,37.3333333333333,43,1,2,"F508del - heterozygot","Mild"
"23","P16V1","10P16V1","N11","Stool",69,13800,NA,0,"P16","V1",1,14,87.4,575,1.6,1.91,34.2,20.6,42.6652293577982,165,56.2,31.4703211009174,NA,NA,NA,NA,NA,NA,NA,"F508del/2215delG","Mild"
"24","P16V2","10P16V2","N12","Stool",89,17800,NA,0,"P16","V2",1,14,92.8,535,2,2.33,39,21.2,44.1255444646098,168,58.3,32.3057622504537,3098.33333333333,53.1446540880503,15.3333333333333,27,56.6666666666667,0,1.33333333333333,"F508del/2215delG","Mild"
"25","P17V1","10P17V1","O1","Stool",52,10400,20,0,"P17","V1",1,13,80,655,1.7,1.8,40.9,18.1,32.8676,156,44,25.06364,NA,NA,NA,NA,NA,NA,NA,"F508del/I507del","Mild"
"26","P17V2","10P17V2","O2","Stool",79,15800,25,0,"P17","V2",1,13,89.9,576,1.7,1.85,40.4,17.8,32.2042449152543,157.9,44.5,24.0757428813559,2937,66,13.3333333333333,39.6666666666667,45.3333333333333,0,1.33333333333333,"F508del/I507del","Mild"
"27","P17V3","10P17V3","I10","Sputum",40.6,4060,14.6,1,"P17","V3",1,13,89.7,622,2.6,2.28,49.6,17.1,NA,162,45,NA,3065,68.1111111111111,13,38,47.3333333333333,NA,1.33333333333333,"F508del/I507del","Mild"
"28","P18V1","10P18V1","K2","Sputum",19.4,1940,13.4,1,"P18","V1",2,30,80,597,1.7,2.14,34.5,23.9,39.6617238689548,161,61.7,26.4534134165367,NA,NA,NA,NA,NA,NA,NA,"R1162X/Q1035X","Mild"
"29","P18V1","10P18V1A","O3","Stool",74,14800,25,0,"P18","V1",2,30,80,597,1.7,2.14,34.5,23.9,39.6617238689548,161,61.7,26.4534134165367,NA,NA,NA,NA,NA,NA,NA,"R1162X/Q1035X","Mild"
"30","P18V2","10P18V2","I2","Sputum",16.8,1680,14.5,1,"P18","V2",2,30,73.3,597,1.7,2.09,34.8,23.1,43.4909125475285,161,60,31.9332775665399,2779.33333333333,46.3222222222222,15.3333333333333,46.3333333333333,37.3333333333333,0,1,"R1162X/Q1035X","Mild"
"31","P18V3","10P18V3","I11","Sputum",69.6,6960,11.6,1,"P18","V3",2,30,71.5,595,1.6,1.98,32.5,24,42.705,161,62,31.851,2671.33333333333,43.0860215053763,14.6666666666667,44.3333333333333,39,NA,1,"R1162X/Q1035X","Mild"
"32","P18V3","10P18V3A","O4","Stool",26,5200,17,0,"P18","V3",2,30,71.5,595,1.6,1.98,32.5,24,42.705,161,62,31.851,2671.33333333333,43.0860215053763,14.6666666666667,44.3333333333333,39,NA,1,"R1162X/Q1035X","Mild"
"33","P1V1","10P1V1","L1","Stool",85.5,17100,17.5,0,"P1","V1",1,27,94.6,NA,NA,NA,NA,23.4,NA,180,76.3,NA,NA,NA,NA,NA,NA,NA,NA,"keine detektierbar","Mild"
"34","P1V2","10P1V2","L2","Stool",198,39600,24,0,"P1","V2",1,27,96.9,NA,NA,NA,NA,24,55.8078037383178,180,78.3,39.3049252336449,2265,28.9272030651341,14,42,42,1,1,"keine detektierbar","Mild"
"35","P2V1","10P2V1","H1","Sputum",200,20000,25,1,"P2","V1",1,38,52.6,480,1.2,1.73,23.8,22,53.423956043956,180,72.2,38.5185384615385,NA,NA,NA,NA,NA,NA,NA,"G542X/G1003E","Mild"
"36","P2V1","10P2V1A","I12","Sputum",180,18000,5.7,0,"P2","V1",1,38,52.6,480,1.2,1.73,23.8,22,53.423956043956,180,72.2,38.5185384615385,NA,NA,NA,NA,NA,NA,NA,"G542X/G1003E","Mild"
"37","P2V2","10P2V2","J2","Sputum",190,19000,11.6,0,"P2","V2",1,38,52.6,595,1.3,1.79,25.4,21.6,55.1639105058366,180,70.7,41.7974747081712,1667,23.5785007072136,18.6666666666667,37,42.6666666666667,0,1.66666666666667,"G542X/G1003E","Mild"
"38","P2V2","10P2V2A","K3","Sputum",200,20000,17.2,1,"P2","V2",1,38,52.6,595,1.3,1.79,25.4,21.6,55.1639105058366,180,70.7,41.7974747081712,1667,23.5785007072136,18.6666666666667,37,42.6666666666667,0,1.66666666666667,"G542X/G1003E","Mild"
"39","P2V2","10P2V2B","L3","Stool",94,18800,21,0,"P2","V2",1,38,52.6,595,1.3,1.79,25.4,21.6,55.1639105058366,180,70.7,41.7974747081712,1667,23.5785007072136,18.6666666666667,37,42.6666666666667,0,1.66666666666667,"G542X/G1003E","Mild"
"40","P2V3","10P2V3","I3","Sputum",99.4,9940,19.5,1,"P2","V3",1,38,49.2,615,1.3,1.71,25.2,20.8,55.7811224489796,180,68.1,43.3475714285714,3886,57.0631424375918,15,27,57,0,1,"G542X/G1003E","Mild"
"41","P2V3","10P2V3A","J3","Sputum",200,20000,18,0,"P2","V3",1,38,49.2,615,1.3,1.71,25.2,20.8,55.7811224489796,180,68.1,43.3475714285714,3886,57.0631424375918,15,27,57,0,1,"G542X/G1003E","Mild"
"42","P3V1","10P3V1","H2","Sputum",46.8,4680,19.3,1,"P3","V1",2,23,85.8,640,1.9,1.84,34,20.8,36.5876747503566,161,55.6,25.3637446504993,NA,NA,NA,NA,NA,NA,NA,"F508del/F508del","Severe"
"43","P3V1","10P3V1A","L5","Stool",35.6,7120,22,0,"P3","V1",2,23,85.8,640,1.9,1.84,34,20.8,36.5876747503566,161,55.6,25.3637446504993,NA,NA,NA,NA,NA,NA,NA,"F508del/F508del","Severe"
"44","P3V2","10P3V2","K4","Sputum",120,12000,11.9,1,"P3","V2",2,23,85.8,635,1.9,1.84,32.9,21.6,37.5102731411229,161,55.8,26.0533823975721,1515.33333333333,27.1565113500597,25.3333333333333,36.6666666666667,35,0,3.33333333333333,"F508del/F508del","Severe"
"45","P3V2","10P3V2A","L6","Stool",118,23600,24,0,"P3","V2",2,23,85.8,635,1.9,1.84,32.9,21.6,37.5102731411229,161,55.8,26.0533823975721,1515.33333333333,27.1565113500597,25.3333333333333,36.6666666666667,35,0,3.33333333333333,"F508del/F508del","Severe"
"46","P3V3","10P3V3","L4","Stool",90,18000,21,0,"P3","V3",2,23,90.6,630,1.7,1.74,32.2,20.8,36.3625852272727,161,54.4,25.8046193181818,1022.33333333333,18.7928921568627,32.6666666666667,32.6666666666667,33,0,1.66666666666667,"F508del/F508del","Severe"
"47","P3V3","10P3V3A","L7","Stool",198,39600,24,0,"P3","V3",2,23,90.6,630,1.7,1.74,32.2,20.8,36.3625852272727,161,54.4,25.8046193181818,1022.33333333333,18.7928921568627,32.6666666666667,32.6666666666667,33,0,1.66666666666667,"F508del/F508del","Severe"
"48","P4V1","10P4V1","H3","Sputum",66.8,6680,14.6,1,"P4","V1",2,34,58.3,450,1.2,1.56,23.7,24.7,38.1179411764706,156,59.5,25.4371176470588,NA,NA,NA,NA,NA,NA,NA,"F508del/R1066C","Mild"
"49","P4V1","10P4V1A","L8","Stool",36,7200,17,0,"P4","V1",2,34,58.3,450,1.2,1.56,23.7,24.7,38.1179411764706,156,59.5,25.4371176470588,NA,NA,NA,NA,NA,NA,NA,"F508del/R1066C","Mild"
"50","P4V2","10P4V2","K5","Sputum",70,7000,13.7,1,"P4","V2",2,34,52,500,1.2,1.34,23,24,38.947461669506,156,59,26.8794463373084,4046,68.5762711864407,17,38,41,2,1,"F508del/R1066C","Mild"
"51","P4V2","10P4V2A","L9","Stool",32,6400,15.5,0,"P4","V2",2,34,52,500,1.2,1.34,23,24,38.947461669506,156,59,26.8794463373084,4046,68.5762711864407,17,38,41,2,1,"F508del/R1066C","Mild"
"52","P4V3","10P4V3","I4","Sputum",44,4400,16.5,1,"P4","V3",2,34,49.2,509,1.1,1.4,23.5,24.4,38.3323509933775,156,59.7,25.4922913907285,2550,42.713567839196,14.3333333333333,49.6666666666667,33.6666666666667,2,1,"F508del/R1066C","Mild"
"53","P4V3","10P4V3A","L10","Stool",72,14400,14.7,0,"P4","V3",2,34,49.2,509,1.1,1.4,23.5,24.4,38.3323509933775,156,59.7,25.4922913907285,2550,42.713567839196,14.3333333333333,49.6666666666667,33.6666666666667,2,1,"F508del/R1066C","Mild"
"54","P5V1","10P5V1","H4","Sputum",120,12000,14.6,1,"P5","V1",1,43,97.4,680,2.6,2.72,36.3,21.7,60.245,186,75,46.294,NA,NA,NA,NA,NA,NA,NA,"F508del/F508del","Severe"
"55","P5V2","10P5V2","L11","Stool",77,15400,21.6,0,"P5","V2",1,43,101.7,585,2.6,3.02,39.8,22,59.8685571142285,186,76,44.7969799599198,3232.5,42.5328947368421,15,41.5,37.5,5,2,"F508del/F508del","Severe"
"56","P6V1","10P6V1","H5","Sputum",20.2,2020,15.3,1,"P6","V1",2,23,81.7,560,1.5,2.29,36.1,23.3,44.9095387453875,165,63.3,31.7543542435424,NA,NA,NA,NA,NA,NA,NA,"F508del/2134delT","Mild"
"57","P6V1","10P6V1A","L12","Stool",118,23600,15.3,0,"P6","V1",2,23,81.7,560,1.5,2.29,36.1,23.3,44.9095387453875,165,63.3,31.7543542435424,NA,NA,NA,NA,NA,NA,NA,"F508del/2134delT","Mild"
"58","P6V2","10P6V2","K6","Sputum",71.8,7180,10.7,1,"P6","V2",2,23,62.5,560,1.6,1.94,33,23.3,42.2351448040886,165,59,30.600202725724,NA,NA,NA,NA,NA,NA,NA,"F508del/2134delT","Mild"
"59","P6V2","10P6V2A","M1","Stool",60,12000,23,0,"P6","V2",2,23,62.5,560,1.6,1.94,33,23.3,42.2351448040886,165,59,30.600202725724,NA,NA,NA,NA,NA,NA,NA,"F508del/2134delT","Mild"
"60","P6V3","10P6V3","I5","Sputum",34,3400,15.7,1,"P6","V3",2,23,69.1,575,1.4,1.71,27.6,22.8,44.7015996343693,165,62.5,32.137239488117,NA,NA,NA,NA,NA,NA,NA,"F508del/2134delT","Mild"
"61","P6V3","10P6V3A","M2","Stool",112,22400,12.7,0,"P6","V3",2,23,69.1,575,1.4,1.71,27.6,22.8,44.7015996343693,165,62.5,32.137239488117,NA,NA,NA,NA,NA,NA,NA,"F508del/2134delT","Mild"
"62","P7V1","10P7V1","H6","Sputum",19.1,1910,17.8,1,"P7","V1",2,21,47.1,215,0.4,0.98,18.6,18.8,34.4813197969543,168,53,21.241847715736,NA,NA,NA,NA,NA,NA,NA,"F508del/F508del","Severe"
"63","P7V1","10P7V1A","M3","Stool",41,8200,20.6,0,"P7","V1",2,21,47.1,215,0.4,0.98,18.6,18.8,34.4813197969543,168,53,21.241847715736,NA,NA,NA,NA,NA,NA,NA,"F508del/F508del","Severe"
"64","P7V2","10P7V2","M4","Stool",73,14600,16.4,0,"P7","V2",2,21,40.5,NA,NA,NA,NA,17.7,33.780534351145,168,50,21.6407480916031,2358.66666666667,47.1733333333333,16,45.3333333333333,37.6666666666667,0,1,"F508del/F508del","Severe"
"65","P7V3","10P7V3","I6","Sputum",12,1200,16.4,1,"P7","V3",2,21,23.2,NA,NA,NA,NA,19,37.0981952662722,167,52.8,24.8404733727811,2434.66666666667,46.1111111111111,14.6666666666667,46.6666666666667,37.6666666666667,0,1,"F508del/F508del","Severe"
"66","P7V3","10P7V3A","M5","Stool",80.83,16166,20.8,0,"P7","V3",2,21,23.2,NA,NA,NA,NA,19,37.0981952662722,167,52.8,24.8404733727811,2434.66666666667,46.1111111111111,14.6666666666667,46.6666666666667,37.6666666666667,0,1,"F508del/F508del","Severe"
"67","P8V1","10P8V1","H7","Sputum",14.8,1480,18.9,1,"P8","V1",2,23,74.2,475,1,1.28,25.3,20.5,34.12075,159,51.6,23.53805,NA,NA,NA,NA,NA,NA,NA,"F508del/CFTRdele2,3","Mild"
"68","P8V1","10P8V1A","M6","Stool",62,12400,19.2,0,"P8","V1",2,23,74.2,475,1,1.28,25.3,20.5,34.12075,159,51.6,23.53805,NA,NA,NA,NA,NA,NA,NA,"F508del/CFTRdele2,3","Mild"
"69","P8V2","10P8V2","K7","Sputum",92,9200,12.6,1,"P8","V2",2,23,73.5,509,1.1,1.33,25.4,20.7,35.4344521497919,159,52,26.7742330097087,1938,37.2692307692308,22,43,33,0,2,"F508del/CFTRdele2,3","Mild"
"70","P8V2","10P8V2A","M7","Stool",130,26000,22.5,0,"P8","V2",2,23,73.5,509,1.1,1.33,25.4,20.7,35.4344521497919,159,52,26.7742330097087,1938,37.2692307692308,22,43,33,0,2,"F508del/CFTRdele2,3","Mild"
"71","P9V1","10P9V1","H8","Sputum",13.4,1340,12.6,1,"P9","V1",2,45,42.8,465,0.9,1.04,17.9,22.4,39.1603731343284,160,58.5,26.4035223880597,NA,NA,NA,NA,NA,NA,NA,"F508del/3272-26A->G","Mild"
"72","P9V1","10P9V1A","J1","Sputum",190,19000,9.36,0,"P9","V1",2,45,42.8,465,0.9,1.04,17.9,22.4,39.1603731343284,160,58.5,26.4035223880597,NA,NA,NA,NA,NA,NA,NA,"F508del/3272-26A->G","Mild"
"73","P9V1","10P9V1B","M9","Stool",90,18000,21.3,0,"P9","V1",2,45,42.8,465,0.9,1.04,17.9,22.4,39.1603731343284,160,58.5,26.4035223880597,NA,NA,NA,NA,NA,NA,NA,"F508del/3272-26A->G","Mild"
"74","P9V2","10P9V2","K8","Sputum",104,10400,10.3,1,"P9","V2",2,45,36.3,545,0.9,1.06,18.6,22,39.6012328767123,160,57.6,27.3327260273973,2633.66666666667,45.7233796296296,17.3333333333333,40.6666666666667,39.3333333333333,1.33333333333333,1.66666666666667,"F508del/3272-26A->G","Mild"
"75","P9V2","10P9V2A","M10","Stool",90,18000,31,0,"P9","V2",2,45,36.3,545,0.9,1.06,18.6,22,39.6012328767123,160,57.6,27.3327260273973,2633.66666666667,45.7233796296296,17.3333333333333,40.6666666666667,39.3333333333333,1.33333333333333,1.66666666666667,"F508del/3272-26A->G","Mild"
"76","P9V3","10P9V3","I7","Sputum",12.5,1250,15.1,1,"P9","V3",2,45,29.2,542,0.9,0.88,15.2,22.4,39.0477272727273,160,57.3,26.5938181818182,2736.66666666667,47.760325770797,16.3333333333333,47,36,0,1,"F508del/3272-26A->G","Mild"
"77","P9V3","10P9V3A","M11","Stool",100,20000,21.6,0,"P9","V3",2,45,29.2,542,0.9,0.88,15.2,22.4,39.0477272727273,160,57.3,26.5938181818182,2736.66666666667,47.760325770797,16.3333333333333,47,36,0,1,"F508del/3272-26A->G","Mild"
"78",NA,"10NK221Rebecca","K12","Water",0,0,0.41,1,"PNA","VNA",NA,NA,NA,NA,NA,NA,NA,NA,NA,NA,NA,NA,NA,NA,NA,NA,NA,NA,NA,NA,NA
"79",NA,"10NKRebecca","M8","Water",12,2.4,0.6,0,"PNA","VNA",NA,NA,NA,NA,NA,NA,NA,NA,NA,NA,NA,NA,NA,NA,NA,NA,NA,NA,NA,NA,NA
